,0.02,0.04,0.06,0.08,0.1,0.12000000000000001,0.13999999999999999,0.16,0.18,0.19999999999999998,0.22,0.24,0.26,0.28,0.30000000000000004,0.32,0.34,0.36000000000000004,0.38,0.4,0.42000000000000004,0.44,0.46,0.48000000000000004,0.5,0.52,0.54,0.56,0.5800000000000001,0.6,0.62,0.64,0.66,0.68,0.7000000000000001,0.7200000000000001,0.74,0.76,0.78,0.8,0.8200000000000001,0.8400000000000001,0.86,0.88,0.9,0.92,0.9400000000000001,0.9600000000000001,0.98,1.0
25,75.03218611293192,75.05943612534084,75.05761033142302,75.06646487332195,75.09712823880886,75.07398871965864,75.0886645918146,75.11565188974447,75.08267264845401,75.10141383490355,75.15432461441908,75.1278890688635,75.13681120414971,75.14505171182368,75.17392928548176,75.23564443926566,75.31863953864162,75.31911769287792,75.33418545839382,75.34814453399365,75.40308764044207,75.43244365851008,75.48622526367728,75.50444713131321,75.52750620729836,75.57986487758522,75.64083651307531,75.73011866179208,75.78856983140567,75.83563964805262,75.8061438950982,75.79617564370669,75.80038007999164,75.8486104540085,75.88938235330198,75.89570505080404,75.94279639339538,75.9912987016193,76.00394827551445,76.00863915376445,75.97253196555612,75.98982990540443,75.98533279040764,75.99142811005046,76.02557596006665,76.05717544818124,76.07912212998313,76.1186297037758,76.13926316536558,76.20864989794492
26,74.03318561309854,74.06143412667349,74.06060583591963,74.07045688397795,74.10211575961618,74.0799707556047,74.09564014888137,74.1236199749074,74.09163226968113,74.11136400115439,74.16526433564371,74.13981735600157,74.14972706912943,74.15895416756082,74.1888173458787,74.25151711921036,74.33549585400672,74.33695666051962,74.35300609615102,74.36794586068689,74.42386867587261,74.45420342345886,74.50896277990401,74.5281614215553,74.55219629527002,74.60552978797648,74.66747527155097,74.75773029499082,74.81715336693907,74.86519411450412,74.83666832202218,74.82766906162749,74.83284152040261,74.88203894937098,74.92377693704442,74.93106475732093,74.97912025804634,75.0285857607281,75.04219756636807,75.04784971461213,75.01270283560832,75.03096012483195,75.0274214003406,75.03447415257742,75.06957847823354,75.10213348599054,75.12503473239275,75.16549591669829,75.18708203566707,75.25742047344421
27,73.03418511326518,73.06343212800616,73.06360134041626,73.07444889463397,73.1071032804235,73.08595279155077,73.10261570594814,73.13158806007034,73.10059189090825,73.12131416740522,73.17620405686834,73.15174564313963,73.16264293410913,73.17285662329796,73.20370540627563,73.26738979915508,73.35235216937181,73.35479562816131,73.37182673390821,73.38774718738014,73.44464971130316,73.47596318840768,73.53170029613074,73.5518757117974,73.5768863832417,73.63119469836774,73.69411403002664,73.78534192818958,73.84573690247245,73.8947485809556,73.86719274894615,73.85916247954829,73.86530296081358,73.91546744473348,73.95817152078685,73.96642446383781,74.01544412269728,74.06587281983688,74.0804468572217,74.0870602754598,74.05287370566053,74.07209034425946,74.06951001027358,74.07752019510437,74.11358099640044,74.14709152379982,74.17094733480238,74.21236212962079,74.23490090596857,74.3061910489435
28,72.03518461343181,72.06543012933882,72.0665968449129,72.07844090528997,72.11209080123082,72.09193482749684,72.1095912630149,72.13955614523329,72.10955151213537,72.13126433365605,72.18714377809297,72.16367393027771,72.17555879908885,72.1867590790351,72.21859346667257,72.2832624790998,72.3692084847369,72.37263459580302,72.39064737166541,72.40754851407338,72.46543074673369,72.49772295335646,72.55443781235748,72.57559000203948,72.60157647121336,72.65685960875898,72.7207527885023,72.81295356138833,72.87432043800585,72.92430304740711,72.89771717587013,72.8906558974691,72.89776440122455,72.94889594009597,72.99256610452929,73.00178417035468,73.05176798734823,73.10315987894569,73.11869614807534,73.12627083630748,73.09304457571272,73.11322056368698,73.11159862020655,73.12056623763132,73.15758351456735,73.19204956160911,73.216859937212,73.25922834254328,73.28271977627006,73.35496162444278
29,71.03618411359844,71.06742813067149,71.06959234940952,71.08243291594597,71.11707832203814,71.0979168634429,71.11656682008166,71.14752423039621,71.11851113336247,71.1412144999069,71.1980834993176,71.17560221741577,71.18847466406855,71.20066153477224,71.23348152706951,71.29913515904451,71.38606480010199,71.39047356344471,71.4094680094226,71.42734984076662,71.48621178216423,71.51948271830526,71.57717532858418,71.59930429228157,71.62626655918503,71.68252451915023,71.74739154697797,71.84056519458709,71.90290397353925,71.9538575138586,71.9282416027941,71.9221493153899,71.93022584163552,71.98232443545847,72.02696068827171,72.03714387687157,72.08809185199917,72.1404469380545,72.15694543892897,72.16548139715516,72.13321544576493,72.1543507831145,72.15368723013951,72.16361228015828,72.20158603273424,72.23700759941839,72.26277253962164,72.30609455546578,72.33053864657155,72.40373219994207
30,70.03718361376507,70.06942613200415,70.07258785390616,70.08642492660199,70.12206584284546,70.10389889938897,70.12354237714842,70.15549231555916,70.1274707545896,70.15116466615773,70.20902322054224,70.18753050455385,70.20139052904825,70.21456399050938,70.24836958746644,70.31500783898923,70.40292111546708,70.4083125310864,70.42828864717978,70.44715116745988,70.50699281759478,70.54124248325404,70.59991284481089,70.62301858252366,70.65095664715669,70.70818942954148,70.77403030545362,70.86817682778583,70.93148750907264,70.98341198031008,70.95876602971808,70.9536427333107,70.96268728204649,71.01575293082095,71.06135527201415,71.07250358338844,71.12441571665012,71.17773399716329,71.1951947297826,71.20469195800285,71.17338631581713,71.19548100254201,71.19577584007249,71.20665832268523,71.24558855090115,71.28196563722767,71.30868514203127,71.35296076838827,71.37835751687305,71.45250277544136
31,69.03818311393168,69.07142413333685,69.07558335840278,69.090416937258,69.12705336365278,69.10988093533503,69.13051793421519,69.1634604007221,69.13643037581672,69.16111483240856,69.21996294176687,69.19945879169191,69.21430639402799,69.22846644624651,69.26325764786338,69.33088051893394,69.41977743083217,69.4261514987281,69.44710928493699,69.46695249415312,69.52777385302531,69.56300224820284,69.62265036103761,69.64673287276577,69.67564673512837,69.73385433993273,69.80066906392929,69.89578846098459,69.96007104460604,70.01296644676158,69.98929045664205,69.9851361512315,69.99514872245746,70.04918142618345,70.09574985575658,70.10786328990531,70.16073958130106,70.2150210562721,70.23344402063624,70.24390251885053,70.21355718586933,70.23661122196953,70.23786445000543,70.24970436521218,70.28959106906804,70.32692367503697,70.3545977444409,70.39982698131077,70.42617638717455,70.50127335094065
32,68.03918261409831,68.07342213466951,68.07857886289939,68.094408947914,68.1320408844601,68.11586297128109,68.13749349128196,68.17142848588504,68.14538999704382,68.17106499865939,68.2309026629915,68.21138707882999,68.2272222590077,68.24236890198365,68.27814570826033,68.34675319887866,68.43663374619726,68.4439904663698,68.46592992269417,68.48675382084636,68.54855488845585,68.58476201315162,68.64538787726434,68.67044716300784,68.70033682310003,68.75951925032398,68.82730782240496,68.92340009418334,68.98865458013942,69.04252091321307,69.01981488356603,69.0166295691523,69.02761016286841,69.08260992154594,69.13014443949902,69.1432229964222,69.19706344595201,69.2523081153809,69.27169331148987,69.28311307969821,69.25372805592153,69.27774144139704,69.2799530599384,69.29275040773913,69.33359358723493,69.37188171284625,69.40051034685051,69.44669319423326,69.47399525747605,69.55004392643993
33,67.04018211426494,67.07542013600218,67.08157436739602,67.09840095857001,67.13702840526742,67.12184500722717,67.14446904834872,67.17939657104797,67.15434961827094,67.18101516491022,67.24184238421614,67.22331536596805,67.2401381239874,67.25627135772079,67.29303376865725,67.36262587882338,67.45349006156235,67.4618294340115,67.48475056045137,67.5065551475396,67.5693359238864,67.60652177810042,67.66812539349105,67.69416145324993,67.7250269110717,67.78518416071523,67.85394658088062,67.9510117273821,68.01723811567282,68.07207537966457,68.05033931049,68.0481229870731,68.06007160327938,68.11603841690844,68.16453902324145,68.17858270293907,68.23338731060295,68.2895951744897,68.30994260234351,68.32232364054589,68.29389892597374,68.31887166082456,68.3220416698714,68.33579645026609,68.37759610540184,68.41683975065551,68.44642294926014,68.49355940715576,68.52181412777753,68.59881450193922
34,66.04118161443157,66.07741813733485,66.08456987189264,66.10239296922602,66.14201592607473,66.12782704317323,66.15144460541549,66.18736465621092,66.16330923949806,66.19096533116105,66.25278210544077,66.23524365310612,66.25305398896712,66.27017381345793,66.3079218290542,66.37849855876809,66.47034637692744,66.4796684016532,66.50357119820856,66.52635647423286,66.59011695931693,66.6282815430492,66.69086290971778,66.71787574349203,66.74971699904336,66.81084907110649,66.88058533935629,66.97862336058085,67.04582165120623,67.10162984611605,67.08086373741398,67.07961640499391,67.09253304369035,67.14946691227094,67.19893360698389,67.21394240945595,67.2697111752539,67.32688223359851,67.34819189319714,67.36153420139355,67.33406979602593,67.36000188025207,67.36413027980436,67.37884249279304,67.42159862356873,67.4617977884648,67.49233555166977,67.54042562007825,67.56963299807903,67.6475850774385
35,65.04218111459818,65.07941613866751,65.08756537638926,65.10638497988202,65.14700344688204,65.13380907911929,65.15842016248226,65.19533274137386,65.17226886072518,65.20091549741188,65.2637218266654,65.24717194024419,65.26596985394684,65.28407626919507,65.32280988945114,65.39437123871281,65.48720269229253,65.4975073692949,65.52239183596576,65.5461578009261,65.61089799474748,65.650041307998,65.7136004259445,65.74159003373411,65.77440708701502,65.83651398149773,65.90722409783194,66.0062349937796,66.07440518673961,66.13118431256754,66.11138816433795,66.11110982291471,66.12499448410132,66.18289540763342,66.23332819072631,66.24930211597282,66.30603503990486,66.3641692927073,66.38644118405077,66.40074476224123,66.37424066607814,66.40113209967959,66.40621888973733,66.42188853532,66.46560114173563,66.50675582627409,66.5382481540794,66.58729183300075,66.61745186838053,66.69635565293778
36,64.04318061476481,64.08141414000018,64.0905608808859,64.11037699053804,64.15199096768936,64.13979111506535,64.16539571954902,64.20330082653679,64.18122848195229,64.21086566366272,64.27466154789003,64.25910022738226,64.27888571892655,64.29797872493221,64.33769794984808,64.4102439186575,64.50405900765762,64.5153463369366,64.54121247372295,64.56595912761934,64.63167903017802,64.67180107294678,64.73633794217123,64.76530432397621,64.79909717498668,64.86217889188899,64.93386285630761,65.03384662697836,65.10298872227301,65.16073877901904,65.14191259126193,65.14260324083551,65.15745592451229,65.21632390299594,65.26772277446875,65.2846618224897,65.3423589045558,65.40145635181611,65.42469047490441,65.43995532308891,65.41441153613033,65.44226231910712,65.44830749967029,65.46493457784695,65.50960365990252,65.55171386408338,65.58416075648903,65.63415804592324,65.66527073868203,65.74512622843707
37,63.044180114931436,63.083412141332836,63.09355638538254,63.11436900119406,63.15697848849667,63.14577315101141,63.172371276615785,63.211268911699726,63.1901881031794,63.22081582991353,63.28560126911466,63.27102851452033,63.29180158390626,63.31188118066934,63.352586010245005,63.426116598602235,63.52091532302271,63.533185304578296,63.56003311148015,63.585760454312584,63.65246006560856,63.69356083789557,63.75907545839795,63.78901861421829,63.823787262958355,63.88784380228024,63.96050161478327,64.0614582601771,64.13157225780641,64.19029324547053,64.1724370181859,64.17409665875631,64.18991736492326,64.24975239835842,64.30211735821119,64.32002152900658,64.37868276920675,64.43874341092491,64.46293976575804,64.47916588393659,64.45458240618254,64.48339253853463,64.49039610960327,64.5079806203739,64.55360617806943,64.59667190189266,64.63007335889866,64.68102425884574,64.71308960898352,64.79389680393636
38,62.04517961509806,62.0854101426655,62.096551889879166,62.11836101185007,62.16196600930398,62.15175518695747,62.17934683368255,62.21923699686267,62.19914772440652,62.230765996164365,62.29654099033929,62.2829568016584,62.304717448885974,62.32578363640647,62.36747407064196,62.441989278546956,62.537771638387795,62.551024272220005,62.57885374923734,62.60556178100583,62.673241101039096,62.71532060284436,62.78181297462467,62.81273290446039,62.84847735093004,62.91350871267149,62.98714037325893,63.08906989337586,63.160155793339804,63.21984771192202,63.20296144510987,63.20559007667712,63.22237880533422,63.28318089372092,63.33651194195362,63.35538123552345,63.415006633857686,63.476030470033706,63.50118905661166,63.518376444784266,63.49475327623474,63.52452275796214,63.532484719536235,63.55102666290085,63.59760869623633,63.64162993970194,63.67598596130829,63.72789047176823,63.760908479285014,63.842667379435646
39,61.046179115264685,61.08740814399817,61.09954739437579,61.122353022506076,61.1669535301113,61.15773722290354,61.18632239074931,61.227205082025606,61.208107345633636,61.2407161624152,61.307480711563926,61.29488508879647,61.317633313865684,61.33968609214361,61.38236213103888,61.45786195849167,61.554627953752885,61.5688632398617,61.597674386994534,61.62536310769907,61.69402213646963,61.73708036779313,61.804550490851405,61.83644719470249,61.873167438901696,61.939173623062736,62.01377913173459,62.116681526574624,62.1887393288732,62.249402178373515,62.23348587203383,62.23708349459792,62.25484024574519,62.31660938908341,62.37090652569605,62.39074094204033,62.45133049850863,62.51331752914251,62.53943834746529,62.557587005631945,62.53492414628694,62.565652977389654,62.57457332946921,62.594072705427806,62.64161121440325,62.68658797751123,62.721898563717914,62.77475668469072,62.808727349586505,62.89143795493493
40,60.04717861543131,60.089406145330834,60.10254289887242,60.12634503316209,60.17194105091862,60.1637192588496,60.19329794781608,60.23517316718855,60.21706696686075,60.25066632866603,60.31842043278856,60.30681337593454,60.330549178845395,60.35358854788075,60.39725019143582,60.47373463843638,60.571484269117974,60.5867022075034,60.61649502475173,60.64516443439232,60.71480317190017,60.75884013274192,60.827288007078124,60.86016148494458,60.897857526873366,60.964838533453985,61.04041789021025,61.14429315977338,61.2173228644066,61.27895664482501,61.26401029895782,61.26857691251873,61.28730168615617,61.35003788444589,61.405301109438476,61.4261006485572,61.48765436315957,61.5506045882513,61.57768763831893,61.59679756647961,61.57509501633914,61.60678319681717,61.61666193940218,61.63711874795476,61.68561373257015,61.73154601532052,61.767811166127544,61.82162289761322,61.856546219888,61.94020853043422
41,59.048178115597935,59.09140414666351,59.105538403369046,59.130337043818095,59.17692857172594,59.16970129479567,59.200273504882844,59.243141252351485,59.22602658808787,59.26061649491686,59.32936015401319,59.31874166307261,59.34346504382511,59.3674910036179,59.41213825183276,59.4896073183811,59.58834058448308,59.6045411751451,59.63531566250892,59.66496576108556,59.73558420733071,59.78059989769072,59.85002552330485,59.88387577518667,59.92254761484503,59.990503443845235,60.06705664868591,60.171904792972136,60.24590639994,60.30851111127651,60.294534725881796,60.30007033043953,60.31976312656714,60.38346637980838,60.43969569318092,60.461460355074074,60.52397822781052,60.587891647360095,60.615936929172555,60.63600812732728,60.61526588639134,60.64791341624469,60.658750549335146,60.68016479048171,60.72961625073704,60.776504053129806,60.81372376853718,60.86848911053572,60.9043650901895,60.9889791059335
42,58.049177615764556,58.09340214799617,58.10853390786568,58.1343290544741,58.18191609253326,58.175683330741734,58.20724906194961,58.25110933751443,58.23498620931498,58.27056666116769,58.34029987523782,58.33066995021068,58.35638090880482,58.381393459355024,58.42702631222969,58.50547999832581,58.60519689984817,58.6223801427868,58.65413630026612,58.68476708777881,58.75636524276125,58.80235966263951,58.87276303953157,58.90759006542876,58.9472377028167,59.01616835423649,59.09369540716158,59.19951642617089,59.27448993547339,59.338065577728,59.325059152805764,59.33156374836034,59.35222456697811,59.416894875170875,59.47409027692335,59.49682006159096,59.56030209246146,59.625178706468894,59.65418622002618,59.67521868817496,59.65543675644354,59.689043635672206,59.700839159268114,59.723210833008665,59.77361876890394,59.82146209093909,59.85963637094681,59.91535532345822,59.95218396049099,60.037749681432786
43,57.050177115931184,57.09540014932884,57.1115294123623,57.138321065130114,57.186903613340576,57.1816653666878,57.21422461901637,57.259077422677365,57.2439458305421,57.28051682741852,57.35123959646245,57.342598237348746,57.369296773784534,57.39529591509216,57.441914372626634,57.52135267827053,57.622053215213256,57.6402191104285,57.67295693802331,57.70456841447206,57.77714627819179,57.8241194275883,57.8955005557583,57.93130435567085,57.971927790788364,58.04183326462774,58.120334165637246,58.22712805936964,58.30307347100678,58.367620044179496,58.35558357972974,58.36305716628114,58.38468600738907,58.45032337053337,58.508484860665796,58.53217976810783,58.59662595711241,58.6624657655777,58.69243551087982,58.714429249022636,58.69560762649574,58.73017385509972,58.74292776920108,58.76625687553562,58.817621287070835,58.86642012874838,58.90554897335644,58.96222153638072,59.00000283079249,59.08652025693207
44,56.05117661609781,56.097398150661505,56.114524916858926,56.14231307578612,56.19189113414789,56.187647402633864,56.22120017608314,56.2670455078403,56.252905451769216,56.290466993669355,56.36217931768708,56.354526524486815,56.382212638764244,56.4091983708293,56.45680243302357,56.537225358215245,56.63890953057835,56.6580580780702,56.691777575780506,56.7243697411653,56.79792731362233,56.84587919253709,56.918238071985016,56.955018645912936,56.996617878760034,57.06749817501899,57.14697292411291,57.25473969256839,57.33165700654018,57.39717451063098,57.386108006653714,57.39455058420194,57.41714744780004,57.48375186589587,57.542879444408214,57.56753947462471,57.632949821763354,57.6997528246865,57.73068480173345,57.753639809870315,57.735778496547944,57.77130407452724,57.785016379134056,57.80930291806257,57.86162380523774,57.91137816655766,57.95146157576607,58.00908774930321,58.04782170109398,58.13529083243135
45,55.052176116264434,55.09939615199417,55.11752042135556,55.146305086442126,55.196878654955206,55.193629438579926,55.228175733149904,55.275013593003244,55.261865072996336,55.300417159920194,55.37311903891171,55.366454811624884,55.39512850374396,55.42310082656644,55.47169049342051,55.55309803815996,55.65576584594344,55.6758970457119,55.7105982135377,55.744171067858545,55.81870834905287,55.86763895748588,55.94097558821174,55.978732936155026,56.021307966731705,56.09316308541024,56.17361168258857,56.282351325767145,56.360240542073576,56.426728977082476,56.41663243357769,56.426044002122744,56.44960888821101,56.51718036125836,56.57727402815066,56.60289918114159,56.6692736864143,56.7370398837953,56.76893409258709,56.79285037071799,56.775949366600145,56.81243429395475,56.827104989067024,56.852348960589524,56.90562632340464,56.95633620436695,56.9973741781757,57.0559539622257,57.09564057139548,57.18406140793064
46,54.05317561643106,54.10139415332684,54.12051592585218,54.15029709709814,54.201866175762525,54.199611474525994,54.23515129021667,54.28298167816618,54.27082469422345,54.310367326171026,54.38405876013634,54.37838309876295,54.40804436872367,54.43700328230358,54.486578553817445,54.56897071810467,54.67262216130853,54.69373601335359,54.729418851294895,54.763972394551786,54.839489384483414,54.88939872243467,54.96371310443846,55.002447226397116,55.04599805470337,55.11882799580149,55.200250441064235,55.3099629589659,55.38882407760697,55.45628344353397,55.447156860501664,55.45753742004354,55.48207032862198,55.550608856620855,55.611668611893094,55.638258887658466,55.705597551065246,55.774326942904096,55.807183383440716,55.832060931565664,55.816120236652345,55.85356451338227,55.86919359899999,55.89539500311648,55.94962884157154,56.001294242176236,56.043286780585326,56.102820175148196,56.143459441696976,56.232831983429925
47,53.05417511659768,53.1033921546595,53.123511430348806,53.154289107754146,53.206853696569844,53.205593510472056,53.24212684728343,53.290949763329124,53.27978431545057,53.32031749242186,53.39499848136097,53.39031138590102,53.42096023370338,53.45090573804072,53.50146661421438,53.58484339804939,53.68947847667362,53.711574980995294,53.74823948905209,53.78377372124503,53.86027041991395,53.91115848738346,53.98645062066519,54.02616151663921,54.07068814267504,54.14449290619274,54.2268891995399,54.33757459216465,54.41740761314037,54.48583790998546,54.47768128742564,54.48903083796435,54.51453176903294,54.58403735198335,54.64606319563551,54.673618594175345,54.74192141571619,54.8116140020129,54.84543267429435,54.87127149241334,54.856291106704546,54.89469473280979,54.91128220893296,54.93844104564343,54.99363135973844,55.04625227998552,55.089199382994956,55.14968638807069,55.19127831199847,55.281602558929215
48,52.05517461676431,52.10539015599217,52.12650693484543,52.15828111841015,52.21184121737716,52.211575546418125,52.2491024043502,52.29891784849206,52.28874393667768,52.33026765867269,52.4059382025856,52.40223967303909,52.4338760986831,52.464808193777856,52.51635467461132,52.6007160779941,52.70633479203871,52.729413948636996,52.767060126809284,52.803575047938274,52.88105145534449,52.93291825233225,53.00918813689191,53.0498758068813,53.0953782306467,53.170157816583995,53.25352795801556,53.36518622536341,53.44599114867376,53.51539237643696,53.508205714349614,53.52052425588515,53.54699320944391,53.61746584734584,53.680457779377946,53.708978300692216,53.77824528036714,53.8489010611217,53.883681965147986,53.91048205326102,53.89646197675675,53.935824952237304,53.953370818865935,53.98148708817038,54.03763387790534,54.091210317794804,54.135111985404585,54.196552600993186,54.239097182299965,54.3303731344285
49,51.05617411693093,51.10738815732484,51.129502439342055,51.162273129066165,51.21682873818448,51.217557582364186,51.25607796141696,51.306885933655,51.297703557904796,51.34021782492352,51.41687792381024,51.41416796017717,51.446791963662804,51.478710649514994,51.53124273500826,51.61658875793882,51.7231911074038,51.7472529162787,51.78588076456648,51.82337637463152,51.901832490775035,51.95467801728104,52.031925653118634,52.07359009712339,52.12006831861837,52.195822726975244,52.28016671649122,52.39279785856216,52.474574684207155,52.54494684288844,52.53873014127359,52.55201767380595,52.57945464985488,52.650894342708334,52.71485236312038,52.744338007209095,52.81456914501808,52.8861881202305,52.92193125600162,52.9496926141087,52.93663284680895,52.97695517166482,52.9954594287989,53.0245435754946,53.08163639607224,53.136190485232476,53.181024587814214,53.24341881391568,53.286916052601455,53.37914370992778
50,50.05717361709756,50.10938615865751,50.132497943838686,50.16626513972217,50.221816258991794,50.223539618310255,50.26305351848373,50.31485401881794,50.30666317913192,50.35016799117435,50.42781764503487,50.426096247315236,50.45970782864252,50.49261310525213,50.5461307954052,50.63246143788353,50.74004742276889,50.76509188392039,50.804701402323666,50.84317770132477,50.92261352620558,50.97643778222983,51.05466316934535,51.097304387365476,51.144758406590036,51.221487637366494,51.306805474966886,51.420409491760914,51.503158219740556,51.57450130933994,51.56925456819756,51.583511091726756,51.61191609026585,51.68432283807083,51.74924694686281,51.77969771372597,51.85089300966903,51.9234751793393,51.96018054685525,51.98890317495638,51.97680371686115,52.018085391092335,52.03754803873187,52.06768531341729,52.12569281545012,52.18124402723799,52.22696487147319,52.29034912310996,52.334818477503546,52.427998045377834
51,49.05817311726418,49.11138415999017,49.13549344833531,49.17025715037818,49.22680377979911,49.22952165425632,49.27002907555049,49.322822103980876,49.31562280035903,49.360118157425184,49.4387573662595,49.438024534453305,49.47262369362223,49.50651556098927,49.56101885580214,49.64833411782824,49.756903738133985,49.78293085156209,49.82352204008086,49.86297902801801,49.94339456163612,49.99819754717862,50.07740068557208,50.121018677607566,50.169448494561706,50.24715254775775,50.33344423344254,50.448021124959666,50.53174175527395,50.60405577579142,50.59977899512153,50.615004509647555,50.64437753067681,50.71775133343332,50.783641530605244,50.815057420242844,50.88721687431998,50.9607622384481,50.99842983770888,51.02811373580405,51.01697458691335,51.05921561051985,51.07967393637915,51.11082705134,51.1697909333652,51.22638225208215,51.27309336301425,51.337352303726824,51.38275800198979,51.477021382596995
52,48.05917261743081,48.11338216132284,48.138488952831935,48.17424916103419,48.23179130060643,48.235503690202385,48.277004632617256,48.33079018914382,48.32458242158615,48.370068323676016,48.44969708748414,48.449952821591374,48.48553955860195,48.52041801672641,48.575906916199074,48.66420679777296,48.773760053499075,48.80076981920379,48.842342677838054,48.88278035471126,48.964175597066664,49.01995731212741,49.1001382017988,49.144732967849656,49.19413858253337,49.272817458149,49.360082991918205,49.47563275815842,49.56032529080734,49.63361024224292,49.63030342204551,49.64649792756836,49.676838971087776,49.75117982879581,49.81803611434768,49.850417126759716,49.923540738970935,49.99813450728306,50.03668223731936,50.06732429665173,50.057170943333006,50.100355070857965,50.12185833745112,50.1539687892627,50.21390527752274,50.27162680248009,50.319307759876864,50.384409143406735,50.43080509315477,50.52607732692363
53,47.06017211759743,47.115380162655505,47.141484457328566,47.178241171690196,47.23677882141375,47.24148572614845,47.28398018968402,47.338758274306755,47.33354204281327,47.38001848992685,47.46063680870877,47.46188110872944,47.49845542358166,47.53432047246355,47.590794976596015,47.68007947771767,47.790616368864164,47.81860878684549,47.86116331559525,47.9025816814045,47.9849566324972,48.0417170770762,48.122875718025526,48.168447258091746,48.21882867050504,48.29848236854025,48.38672175039387,48.50324439135717,48.588908826340734,48.6631647086944,48.660827848969475,48.67799134548916,48.709300411498745,48.784608324158306,48.85243069809012,48.885776833276594,48.95986460362188,49.035517837685944,49.07502770324391,49.10665413392176,49.09750154559886,49.14158117726354,49.16410812342722,49.1971969024418,49.25820108400471,49.316873874002745,49.36565335476793,49.431647596012674,49.47907214183041,49.575133271250266
54,46.06117161776406,46.11737816398817,46.14447996182519,46.1822331823462,46.24176634222107,46.24746776209451,46.29095574675079,46.3467263594697,46.34250166404039,46.38996865617768,46.4715765299334,46.47380939586751,46.51137128856137,46.54822292820068,46.60568303699295,46.69595215766238,46.80747268422925,46.83644775448719,46.87998395335244,46.922383008097746,47.00573766792774,47.06347684202499,47.145613234252245,47.192161548333836,47.24351875847671,47.324147278931505,47.41336050886953,47.53085602455592,47.61749236187413,47.692719175145896,47.69135227589345,47.70948476340996,47.741761851909715,47.8180368195208,47.88682528183255,47.92114586646429,47.996275889866205,48.072967223936395,48.11341778080982,48.14618275713197,48.13793839585669,48.18294399550211,48.206611804358545,48.24062232718183,48.30270353039221,48.362232593511706,48.41213840961611,48.47904300189411,48.52746232080972,48.624419423027526
55,45.06217111793068,45.11937616532084,45.147475466321815,45.186225193002215,45.24675386302838,45.25344979804058,45.29793130381755,45.354694444632635,45.351461285267504,45.39991882242851,45.48251625115803,45.48573768300558,45.52428715354108,45.56212538393782,45.620571097389885,45.7118248376071,45.82432899959434,45.85428672212889,45.89880459110963,45.94218433479099,46.026518703358285,46.08523660697378,46.16835075047897,46.215875838575926,46.268208846448374,46.34981218932276,46.43999926734519,46.558467657754676,46.64607589740752,46.72227364159739,46.721876702817426,46.74097818133077,46.774223292320684,46.85146531488329,46.92128388475877,46.95660354923942,47.03269612213069,47.11059901349528,47.15196614158498,47.18580633966324,47.17858974658763,47.22464006161873,47.24944396274711,47.28433744696961,47.34731471801866,47.407832676612884,47.458699447477464,47.52650279203765,47.57591889599273,47.67414122795131
56,44.06317061809731,44.12137416665351,44.150470970818446,44.19021720365822,44.2517413838357,44.25943183398664,44.304906860884316,44.36266252979558,44.36042090649461,44.40986898867934,44.49345597238266,44.49766597014365,44.5372030185208,44.57602783967496,44.635459157786826,44.72769751755182,44.84118531495943,44.87212568977059,44.917625228866825,44.961985661484235,45.04729973878882,45.10699637192257,45.19108826670569,45.23959012881802,45.292898934420045,45.37547709971401,45.466638025820856,45.58607929095343,45.67465943294091,45.75182810804888,45.7524011297414,45.77247159925157,45.806684732731654,45.884893810245785,45.95578528432373,45.99222100393086,46.06921556752392,46.14828374800997,46.190630229508535,46.22560793233355,46.21951803705546,46.266515137990766,46.29229890179213,46.32814577729285,46.392137891968055,46.45349184986853,46.505424399878834,46.574179833164806,46.624661592554595,46.72389329984869
57,43.06417011826393,43.123372167986176,43.15346647531507,43.19420921431423,43.25672890464302,43.26541386993271,43.31188241795108,43.370630614958515,43.36938052772174,43.419819154930174,43.50439569360729,43.50959425728172,43.5501188835005,43.589930295412096,43.65034721818376,43.74357019749653,43.858041630324514,43.889964657412285,43.93644586662402,43.98178698817748,44.06808077421936,44.12875613687136,44.21382578293242,44.26330441906011,44.31758902239171,44.40114201010526,44.49327678429652,44.61369092415219,44.703309626217525,44.78138257450037,44.782925556665376,44.803965017172374,44.839146173142616,44.91839287345341,44.99039384482753,45.027888242848995,45.106004620703075,45.18608126705916,45.229413666181834,45.2655845536467,45.26054373026121,45.30860075936286,45.33541354406082,45.37206540379756,45.43717469043713,45.499329051107956,45.55229537857373,45.62221466012263,45.67375989690928,45.7739296563359
58,42.06516961843056,42.12537016931884,42.1564619798117,42.19820122497024,42.26171642545034,42.27139590587877,42.31885797501785,42.37859870012146,42.37834014894885,42.429769321181006,42.515335414831924,42.52152254441979,42.56303474848021,42.603832751149234,42.6652352785807,42.759442877441245,42.87489794568961,42.90780362505399,42.95526650438122,43.00158831487072,43.088861809649906,43.15051590182015,43.23656329915914,43.2870187093022,43.34227911036338,43.42680692049651,43.51998762498187,43.641329003317416,43.73199030339737,43.81100875280637,43.81347867598197,43.835484288644174,43.87166703904896,43.95199957968116,44.025207894658834,44.063772798781464,44.14286689035829,44.224024128386745,44.268473118922984,44.305697205193844,44.30189778333521,44.350909143137415,44.37881712377939,44.41636410205163,44.48237754552677,44.54533804702058,44.599426661171584,44.67066473391987,44.72335686860509,44.824548724684426
59,41.06616911859718,41.12736817065151,41.15945748430833,41.20219323562625,41.26670394625766,41.27737794182484,41.32583353208461,41.386566785284394,41.38729977017597,41.43971948743184,41.526275136056555,41.53345083155786,41.57595061345992,41.61773520688637,41.68012333897764,41.77531555738596,41.8917542610547,41.92564259269569,41.974087142138416,42.02138964156397,42.109642845080444,42.17227566676894,42.25930081538587,42.31073299954429,42.36702376051325,42.452523574342635,42.546723719581685,42.669037875352856,42.76067098057721,42.840660263811216,42.844100050463254,42.867101490459014,42.90432354371017,42.98590082970039,43.06011864401039,43.09978349271944,43.17989785254413,43.262257818593554,43.30801715413779,43.34598667179354,43.343516962580935,43.393605373220694,43.422288664601076,43.46095415428478,43.52799596049108,43.59188604819716,43.64696718441692,43.71971976242955,43.77374764028217,43.87590578102654
60,40.06716861876381,40.129366171984174,40.16245298880495,40.20618524628225,40.271691467064976,40.2833599777709,40.332809089151375,40.39453487044733,40.396259391403085,40.44966965368267,40.537214857281185,40.54537911869593,40.58886647843964,40.63163766262351,40.69501139937457,40.79118823733067,40.90861057641979,40.94348156033738,40.99290777989561,41.04119096825721,41.13042388051098,41.19409525129042,41.28203833161258,41.33444728978638,41.391822251189296,41.47828591824284,41.57363762128579,41.69674674738828,41.789351657757045,41.870391831948325,41.87478097885368,41.89889132449941,41.93736886584461,42.020128966851196,42.095250244376935,42.13625160603195,42.21732721676061,42.300637661792415,42.347979166216085,42.386711200638516,42.38552059006495,42.436472416536816,42.466257573959524,42.50587325939011,42.57395145873242,42.63878024520524,42.69496365594786,42.76911653305842,42.824586322750214,42.928086936456296
61,39.06816811893044,39.13136417331684,39.16544849330158,39.210177256938266,39.27667898787229,39.28934201371696,39.33978464621814,39.402502955610274,39.405219012630205,39.4596198199335,39.548154578505816,39.557307405833996,39.60178234341936,39.64554011836065,39.70989945977151,39.807060917275386,39.92546689178488,39.96132052797908,40.011728417652805,40.06099229495046,40.15120491594153,40.215952840262716,40.304870567686486,40.358242652559284,40.41670740114336,40.50404826214306,40.60056838813391,40.72452652131771,40.818032334936895,40.90018429100298,40.90563262017059,40.93109607849442,40.97086610848987,41.054535661001474,41.13074681704457,41.17293356463787,41.255109420388635,41.33958917738256,41.38824614133171,41.42814907568368,41.4278328327276,41.47974724428666,41.51068676070757,41.551428945411466,41.62031006094474,41.68612808626921,41.74351759252241,41.818898908265716,41.87612915792814,41.98112169368803
62,38.06916761909706,38.133362174649506,38.16844399779821,38.21416926759427,38.281666508679606,38.29532404966303,38.34676020328491,38.41047104077321,38.41417863385732,38.46956998618433,38.55909429973045,38.569235692972065,38.61469820839907,38.65944257409779,38.72478752016845,38.82293359722011,38.94232320714997,38.979159495620785,39.030549055410006,39.08079413407533,39.171985951372065,39.23781042923501,39.32770581016158,39.38217841836291,39.441611972333156,39.52990436108965,39.627571750963796,39.75251235372926,39.846824785540946,39.930170508702254,39.93679259193909,39.963699981714214,40.00463366290449,40.08932999798785,40.166533744439214,40.20984035930455,40.29322886810157,40.37894335045901,40.42900422019001,40.47014553581672,40.47052306237112,40.52384568936331,40.55584816355123,40.597652817697714,40.66716560058682,40.73372670600573,40.79262882803583,40.869260356892184,40.92843642997518,41.03492214083097
63,37.07016711926369,37.13536017598218,37.17143950229483,37.21816127825028,37.286654029486925,37.30130608560909,37.35373576035167,37.41843912593615,37.42313825508444,37.479520152435164,37.57003402095508,37.581163980110134,37.62761407337879,37.67334502983493,37.73967558056539,37.83880627716482,37.959179522515065,37.996998463262486,38.049383050192816,38.10069348063591,38.19280556712437,38.25966801820731,38.35061065767915,38.40631172802911,38.46669218426963,38.55598662919541,38.654697190060226,38.78071972869807,38.875902382857866,38.96040995080331,38.96828714230942,38.996472805353086,39.03867492477978,39.12444276405878,39.20254135857857,39.24707143741727,39.33178563697049,39.418974174121026,39.47033264333277,39.51272636500172,39.51377629180991,39.568653881359744,39.601961182745406,39.64433777631796,39.7151353349449,39.78221849597498,39.84266716247772,39.920489812906396,39.98182751849382,40.089870220980686
64,36.07116661943031,36.137358177314844,36.174435006791455,36.22215328890629,36.291641550294244,36.30728812155516,36.360711317418435,36.42640721109909,36.43209787631155,36.489470318685996,36.58097374217971,36.5930922672482,36.6405299383585,36.687247485572065,36.754563640962324,36.854678957109535,36.976035837880154,37.01483743090418,37.068301805886236,37.12059282719649,37.21368452445136,37.28156266252329,37.37364589038042,37.430524925364686,37.49191994418867,37.58233168831458,37.681960109225784,37.80923685942231,37.905337537286584,37.99087069089212,38.00004985501514,38.02977922493705,38.07304347316262,38.159967193676,38.23898299637106,38.285013821289354,38.37113679156774,38.45952346584974,38.51244294098307,38.55583701349182,38.557829641951614,38.61433443095165,38.64886989193493,38.691751807260886,38.76416942695523,38.83224505590868,38.89386306313241,38.973367531001145,39.03683551192191,39.14602902697705
65,35.072166119596936,35.13935617864751,35.17743051128808,35.2261452995623,35.29662907110156,35.31327015750122,35.3676868744852,35.43437529626203,35.441057497538665,35.49942048493683,35.591913463404346,35.60502055438628,35.65344580333821,35.701149941309204,35.76945170135926,35.87055163705425,35.99289215324525,36.03267639854588,36.087220561579656,36.14049217375706,36.23461707294229,36.303615254800306,36.39695206895022,36.454843937551765,36.51757575840529,36.60885928689164,36.70965203085488,36.83789446585003,36.935038597314346,37.02163710556881,37.032430925221554,37.063512950204775,37.10823335305159,37.196092040300385,37.2763093597083,37.324013402810614,37.41181629930374,37.5009063456485,37.555683538349186,37.60029313952407,37.602942106345814,37.661015680163636,37.696595731501255,37.74100891246414,37.81406414394082,37.883935579664595,37.946839855121326,38.027953061918446,38.093129637685735,38.204275880313965
66,34.07316561976356,34.141354179980176,34.18042601578472,34.2301373102183,34.30161659190888,34.31925219344729,34.37466243155197,34.44234338142497,34.450017118765786,34.50937065118766,34.60285318462898,34.616948841524355,34.66636166831791,34.71505239704634,34.7843397617562,34.88642431699896,35.00987606940905,35.050516468319536,35.10625779125815,35.16041162222759,35.255593952165746,35.32576631584312,35.42044344427716,35.47940826457993,35.543573113694244,35.63572184564517,35.737584514072246,35.86674508266736,35.96518103213309,36.05294200679769,36.06561580141834,36.0980364640897,36.1442107748613,36.23331789020068,36.31474161684889,36.363902642687506,36.45343685599043,36.54379263818618,36.60003215133044,36.645790246644715,36.64908261106547,36.70913067976866,36.74617578838225,36.79149529658169,36.866163105100604,36.93765922738794,37.00227430527099,37.08496565884086,37.151497029950484,37.26459839823132
67,33.074165119930186,33.14335218131284,33.183421520281335,33.23412932087432,33.3066041127162,33.32523422939335,33.38163798861873,33.450311466587905,33.4589767399929,33.51932081743849,33.61379290585361,33.628877128662424,33.679277533297636,33.728954852783495,33.799227822153135,33.90230175152675,34.027037330999356,34.06863419247294,34.12543663965455,34.18041229520488,34.27679291507643,34.34798130721523,34.4441488756817,34.504258966044695,34.569891125262544,34.6632052941972,34.765746518473584,34.895995489954025,34.995798786521284,35.084932781056416,35.09985187743808,35.133276689242365,35.18076569202738,35.27164058337095,35.35424949203396,35.40528627513972,35.496145571634486,35.58827828050718,35.64588239228607,35.69269819498262,35.69762255411193,35.759098057677754,35.79772285156116,35.84356675833344,35.91983892764589,35.99297214169856,36.05971369931032,36.1446769769804,36.21255556777935,36.32714079411681
68,32.07516462009681,32.14535018264551,32.18641702477796,32.23812133153032,32.31159163352352,32.33121626533942,32.388613545685494,32.45827955175085,32.46793636122002,32.52927098368932,32.62473262707824,32.640805415800486,32.69219339827735,32.74285730852063,32.81411588255008,32.918452634777466,33.04432183099603,33.08710785434586,33.14472493684144,33.20053188740798,33.29826653873332,33.37035740048514,33.46814939512627,33.529630738423776,33.59666261813113,33.69093504834879,33.794425404479846,33.92619408114664,34.027190870910594,34.11809692535238,34.13460996634982,34.16934681251613,34.218900037348284,34.311373983140534,34.3956046012008,34.44795956941168,34.540626110817506,34.63439838540606,34.693999898916445,34.74164461834393,34.748415221561054,34.81069147743653,34.85136502882205,34.8975531282837,34.97542418170863,35.050920953184324,35.120019964690506,35.207074715218106,35.27595732780333,35.392438462270526
69,31.076164120263435,31.14734818397818,31.189412529274588,31.24211334218633,31.31657915433083,31.337198301285486,31.395589102752265,31.466247636913792,31.47689598244713,31.539221149940154,31.63567234830287,31.652733702938562,31.70510926325705,31.75675976425776,31.82905247988841,31.93462055291819,32.06166971820343,32.105721515085754,32.16438037914194,32.22111455804691,32.32003520859033,32.39333187007786,32.49240668975172,32.55571306697806,32.62386219124209,32.719283897456584,32.82379376932113,32.95738001484313,33.060033819486584,33.152715116589,33.170183805492144,33.20695350951613,33.258840984621614,33.35286696214336,33.43892104424388,33.492379620213505,33.5873632336684,33.68269819375348,33.74406617530335,33.7928550065842,33.80084889102094,33.86487638861986,33.90753642765649,33.95437562837137,34.033695112966925,34.11191984538955,34.18264400469853,34.27205791433116,34.341930456974175,34.46115295236031
70,30.07716362043006,30.149346185310847,30.192408033771216,30.24610535284234,30.321566675138158,30.34318033723155,30.402564659819028,30.474215722076732,30.485855603674246,30.549171316190986,30.6466120695275,30.664661990076628,30.718025128236764,30.770740741457615,30.84421146148846,30.95087149724081,31.079233585090122,31.12459923023462,31.18430735967303,31.242113301727194,31.34211731632436,31.417180328497185,31.51712995504968,31.58263396637633,31.65178869365029,31.74839651669642,31.85444545857424,31.989822960517397,32.094574334431194,32.189058069718506,32.20733529521012,32.24662705210043,32.300512211821136,32.39629801345108,32.484129225656496,32.538927677446274,32.63618491363199,32.732885039109675,32.79619206046095,32.84604018389009,32.85581595477316,32.921941007301164,32.96688240586228,33.01485356227618,33.09498313679227,33.17633516016014,33.24852422175007,33.3402835202202,33.4113553400861,33.53337809739127
71,29.078163120596685,29.151344186643513,29.195403538267843,29.250097363498345,29.326554195945473,29.349162373177617,29.409540216885794,29.482183807239668,29.494815224901362,29.559121482441817,29.657645816073224,29.676651782854385,29.7311192659715,29.784741806949178,29.859696968613527,29.967293619855983,30.097109680891833,30.143852197842957,30.20476679477311,30.263297416336954,30.364944689141495,30.441635738339265,30.54285822900529,30.61053256384609,30.680757072447726,30.778390769741637,30.886657250950933,31.023853644773506,31.130610278432954,31.22753077342716,31.246700189377723,31.288306261758528,31.344691737544135,31.441620174531575,31.531329960977246,31.587462483782296,31.687402689536423,31.785308806893788,31.850674050848546,31.902636861926,31.914309847840176,31.982257502125062,32.03012347029783,32.07902977637265,32.160614728883004,32.2445291065503,32.318584755230184,32.412523760101074,32.484811007413,32.60939095721531
72,28.07916262076331,28.153342187976182,28.19839904276447,28.254089374154354,28.331541716752792,28.35514440912368,28.416515773952558,28.490151892402608,28.50377484612848,28.569096366820478,28.668797796012743,28.68874058972252,28.744382658558578,28.798819506981904,28.875405270233475,28.984114846050048,29.115537953856737,29.163489704437783,29.225878450251408,29.285438849959757,29.38861734547201,29.46704407502745,29.570080985787015,29.639838686688574,29.710849814623646,29.810041878556444,29.920847517414575,30.060112767262424,30.168464426734005,30.267901530159275,30.28924495708361,30.332745138506755,30.39120656947085,30.490144402764976,30.581430360515427,30.638688603085885,30.741795916240424,30.84096255069083,30.90860880668886,30.96190201641903,30.976410082937136,31.04571752232449,31.097008102816467,31.14686434881767,31.23114348072656,31.317156532310964,31.393335539234467,31.489088294466367,31.56291786633468,31.69025087492079
73,27.080162120929934,27.15534018930885,27.201394547261096,27.258081384810364,27.33652923756011,27.361126445069743,27.423491331019324,27.498126803427702,27.512844432682638,27.579169151761878,27.680122535326596,27.701134112390488,27.757816824047396,27.81344374655908,27.89127794270636,28.001553989602083,28.134416066664706,28.18405630434279,28.24747109636784,28.308793203315595,28.413934439197313,28.49334128352262,28.598556540747186,28.67076173600544,28.74279490675603,28.844353622513044,28.957482951908506,29.098953670681723,29.208789375201064,29.310830841134237,29.334595752960364,29.380292790778466,29.441205644204093,29.541507697391147,29.635121312028634,29.693313620892827,29.799505653132133,29.90118431976376,29.97015873465865,30.024962332376496,30.04193603503712,30.113521977603156,30.167354849362194,30.218760128354322,30.30662852403127,30.394473043226235,30.47233319537692,30.570089345047418,30.646330553571946,30.77587663672443
74,26.081161621096555,26.157338190641514,26.204390051757724,26.26207339546637,26.341516758367426,26.36710848101581,26.430466888086087,26.50619409178213,26.52200226198551,26.58943801337758,26.69156097968206,26.713748715767256,26.771709262657275,26.828694568067288,26.907743687755666,27.01965505405211,27.15371414553015,27.205552539518315,27.270354510040015,27.333459722873943,27.440972212576977,27.52191743572185,27.62899727967585,27.703249946270553,27.77742616535043,27.881273903438,27.996895606554602,28.140565750267836,28.251587356742927,28.355911390670002,28.38337194575043,28.431375146024894,28.494651953844183,28.596037072212557,28.691807140358506,28.75242176387769,28.86107696172366,28.965390708160406,29.035289988171655,29.092572821954512,29.11267878172578,29.186018884962294,29.241704939671585,29.29580825930998,29.386894527682788,29.476253407547915,29.55551096499814,29.65692607389444,29.73522848085661,29.867325656971367
75,25.08216112126318,25.159336191974184,25.20738555625435,25.266065406122376,25.34650427917475,25.373090516961877,25.437478336370532,25.514298557287912,25.53121166291867,25.60009844272043,25.70322147663361,25.726824453480173,25.78618288532648,25.84458691511263,25.92503857507299,26.038551824123513,26.17426928611554,26.228029873497075,26.294846841024025,26.36021571588379,26.469888734512356,26.553282863270688,26.662513866070338,26.738560240048532,26.815674852553474,26.921157848404867,27.039687474866938,27.18514808639418,27.29755875058956,27.404554726994462,27.435431836201534,27.48663989329463,27.551363173228854,27.6543797119952,27.751883234320786,27.816220087260312,27.927104940324856,28.03416368005821,28.105654703680813,28.165951396663154,28.18808810949205,28.263457422791774,28.321342804980695,28.378484608366904,28.47282082797552,28.563951291335076,28.64465120702592,28.749960489014658,28.829720821541855,28.964493868455406
76,24.083160621429805,24.16133419330685,24.21038106075098,24.270057416778386,24.351491799982064,24.37907255290794,24.444653205221407,24.52268183728724,24.54070536011176,24.61100887686786,24.71514738634674,24.74049715981844,24.801309791675934,24.861378443912265,24.943802306142988,25.05913787497727,25.196837409831417,25.252751861330452,25.321531519948113,25.389114641796823,25.50174211745526,25.587484251891432,25.699083693212515,25.77697053707489,25.857970465972898,25.965461804408214,26.08592022333275,26.233064852356044,26.347652185184153,26.458128980548487,26.49157677746818,26.546448169251004,26.61309240317183,26.717604649109756,26.816883739922726,26.884187718061913,26.998677316353838,27.108503086894824,27.181853684743412,27.245245215740226,27.26926774673079,27.347299768992624,27.408178068902348,27.467351988850393,27.566058729780394,27.65780385921398,27.742065526968165,27.849866735931077,27.931360409641556,28.06836737323916
77,23.08416012159643,23.163332194639516,23.213376565247604,23.274049427434395,23.35647932078938,23.385054588854004,23.451994277741633,23.531450679841626,23.550826582667394,23.62224501131494,23.727659015237254,23.75483960035598,23.817538699129678,23.87968439414818,23.964113704215322,24.08191286865543,24.221893194586787,24.280244364213864,24.35171056134109,24.421503887382535,24.537036877984242,24.625698570515667,24.740037491902935,24.820049308232555,24.90397126557549,25.0138422051106,25.13654479016877,25.284819051827082,25.402311358553856,25.516768857015922,25.553129454592213,25.61083803060385,25.680543072426893,25.787315643930885,25.887471466329284,25.957597940697134,26.076779636113137,26.188899644088796,26.264829904584744,26.33080586233378,26.357976823941854,26.439554132097726,26.502515603952254,26.56333675260177,26.66638100285792,26.758863939978244,26.846796529606216,26.95765084757738,27.041237023557315,27.17976715796871
78,22.085159621763054,22.16533019597218,22.21637206974423,22.2780414380904,22.3614668415967,22.39106271334768,22.459367044585576,22.54034593176622,22.56154244094715,22.63441016909147,22.741240450135642,22.770342750929206,22.835153015022307,22.900576956254042,22.98747347424764,23.10759398282883,23.250537190423,23.311537301569054,23.386177167171674,23.459050113650907,23.577445118314735,23.66842387016496,23.785486652995104,23.867999071473193,23.954438548679907,24.066962643644107,24.192722319928926,24.342221739229394,24.463343486916642,24.581786889332285,24.62008800807285,24.681527080900008,24.755121813256356,24.86388201848404,24.96513526455382,25.038744403709085,25.162828465606665,25.277098917336787,25.3553635557092,25.423956560039528,25.454160608508886,25.53900756263214,25.604941243375297,25.668000030251704,25.77453151517124,25.868797408722617,25.960148037807866,26.07487949827015,26.159493249554085,26.29940950264803
79,21.08615912192968,21.16732819730485,21.21936757424086,21.28203344874641,21.366454362404017,21.397251672946005,21.466872461710345,21.549585685792007,21.572863359972136,21.647870690329928,21.75637092371023,21.78788169143834,21.854818166473,21.924501194665503,22.013809629955464,22.137045707417094,22.28337895588535,22.34690175525623,22.424405397481504,22.50169357000559,22.62265972952182,22.716268269429456,22.83604753696825,22.921203046184036,23.010588184826602,23.125965928644927,23.254955640668005,23.406535175929378,23.53120634252607,23.653743329337065,23.694142944051993,23.75962348892574,23.837707717994885,23.947566372375036,24.051754109672785,24.128942301774185,24.25720472341787,24.373941127142,24.454858793975013,24.526499159216964,24.558878405696735,24.64780345898504,24.715866931514448,24.781751430826933,24.891988232770967,24.9894058149871,25.082656410357707,25.201168971204638,25.285767984578605,25.429115607754763
80,20.087158622096304,20.169326198637517,20.222363078737487,20.28603903102754,20.371524742952275,20.40358894717354,20.474779705050835,20.559476892154322,20.58514326431378,20.662950326840146,20.773516109626044,20.80814201037415,20.87800550974321,20.952121540947953,21.044279020388423,21.170657711247312,21.321001997169084,21.387573375719608,21.467699622120964,21.5488701287541,21.673661128343234,21.77103900271354,21.89288411560633,21.981370490860325,22.073426881103234,22.191666165612318,22.323211532540753,22.47909808333036,22.606920644089094,22.73425276437452,22.77566224129359,22.844814728819514,22.928227984428275,23.03979953037764,23.148009441845662,23.228661600141326,23.360333486325228,23.480509007584104,23.5645585247921,23.638489683370757,23.673509745973874,23.765120296104183,23.8366323932013,23.905861902245682,24.01888842538363,24.120179250609567,24.21477246823557,24.336410336609884,24.422532876648514,24.568312768589397
81,19.08815812226293,19.171324199970183,19.22535858323411,19.29013064248248,19.376806908215457,19.410371057142328,19.48326174332569,19.570376985054956,19.599368811547507,19.679928035755744,19.793442202363135,19.832098764964897,19.905661849151375,19.983898609253316,20.079385305130536,20.209696716451408,20.364092714996364,20.4344767320737,20.517609827437514,20.602046399100846,20.731740700956937,20.832056547030184,20.95607325508378,21.049623651409778,21.143522828618295,21.265083808595424,21.39950635691319,21.560721627662257,21.691326388272998,21.823719752935194,21.867900195249817,21.939839770337596,22.027860929247286,22.142835589715553,22.25488465944924,22.338834964721837,22.47332784397537,22.597260513897577,22.684497928221205,22.7604242285233,22.798670364523304,22.892115852073964,22.967376357202806,23.041574664063017,23.156543961812808,23.26103282745993,23.358933071568288,23.482036154333485,23.568880418185636,23.717370915286022
82,18.089157622429553,18.173322201302852,18.22835408773074,18.294222253937424,18.382268782758807,18.417756162002817,18.49300507675988,18.58323359766608,18.615766319873455,18.699938848620594,18.817517832385214,18.85972938609227,18.938651472043176,19.020742145490726,19.12067488966056,19.256433462386898,19.414177059608125,19.488409645811835,19.574256198382177,19.662958066276936,19.797881427605212,19.901097622706878,20.027808960055378,20.127093162903883,20.222309074561416,20.348491167595586,20.4856582703276,20.651480850057876,20.78615317277932,20.922450805871655,20.97075864943566,21.045882198433926,21.13825176375374,21.257253355309807,21.372970467915756,21.46078923926311,21.59859597602263,21.724188771922034,21.81521776890078,21.89213718175464,21.934389859982048,22.030933618590332,22.1099992885561,22.18818293585272,22.30571500469266,22.413512961340633,22.513876778915222,22.639037709386006,22.72647096569239,22.877453910821544
83,17.090157122596178,17.17532020263552,17.23134959222737,17.29844080438714,17.388113521078623,17.4261421559558,17.504359389763657,17.598953532827906,17.63610167944512,17.724994275221032,17.845934064144256,17.89213459912068,17.977890039991898,18.064825655876568,18.169052766683823,18.311054867262825,18.472982511485075,18.55152346792897,18.640900372667097,18.73444020821379,18.87388423580792,18.980289101980357,19.109693614621566,19.214023586739085,19.310433314392977,19.44224090410766,19.583347730692342,19.753158283189574,19.89213158129852,20.032892951085152,20.084610847630355,20.1623637962273,20.26085554507605,20.383020282257398,20.502300627536815,20.595147344816894,20.735555145109725,20.862941077469753,20.95757160241322,21.03575808854113,21.082463183431184,21.181638658210364,21.26480697251719,21.34622991368524,21.466273185214742,21.578149104676346,21.680919765888955,21.808866455538997,21.89608526309174,22.049775143118108
84,16.091156622762806,16.177318203968184,16.234345096724,16.303014031014666,16.39464279785549,16.43654275703301,16.51837957960545,16.618566981845966,16.660328480498876,16.756340819537577,16.880793814003237,16.931974811811667,17.024783880258347,17.117321290152162,17.22571800041497,17.374950408952436,17.54193365975266,17.62547466700848,17.718337875771123,17.817669745680988,17.960612025731177,18.0717020065746,18.202901365302278,18.31272442784494,18.40988763383288,18.547368663609795,18.6939402607277,18.866922346096214,19.01079660049679,19.155823120430668,19.210547324620624,19.291475489455784,19.39709989589037,19.52125473181294,19.645162048561144,19.741742991860647,19.88393187657183,20.014353923705507,20.11391670388617,20.19299980117126,20.24369033949455,20.345632831442753,20.430453103257868,20.517539321102912,20.640600171794595,20.756102300402183,20.860650571795958,20.99075764736352,21.07834149789293,21.23417478246193
85,15.092156122929433,15.17932119994673,15.237422338839556,15.30840875082689,15.403279005200696,15.449641359418836,15.53655607736676,15.642517327418155,15.690288213045724,15.794271149479929,15.924596152267975,15.980861586867805,16.08006996161981,16.179849227631184,16.292876420847985,16.44974347847352,16.622738125723725,16.711296037949182,16.806935289825983,16.91395694908194,17.060454762945668,17.17720051781908,17.310890645201333,17.425981189679256,17.522802101881144,17.665584803816845,17.818208069996658,17.995720682099183,18.142716487099484,18.29144453367427,18.349292321139366,18.435035447165475,18.547915720947262,18.672276009047344,18.800335533260096,18.90219713776457,19.04612889629207,19.18035023007848,19.28382777989223,19.365128874066567,19.418821682738102,19.52359997536987,19.609429200845543,19.701762709990806,19.829555846389713,19.94683480777063,20.05352663893526,20.185484932008464,20.27373176044702,20.43211445802749
86,14.093155623096058,14.1814673533057,14.240741199756632,14.315262433613075,14.415023610889898,14.466843653591182,14.559185252275014,14.672595987044408,14.728423580121042,14.840656776571587,14.977067399311473,15.040123807149467,15.147452759548806,15.254017105864131,15.373744081519487,15.53796344674392,15.715972145653241,15.811044805286203,15.909490314815239,16.024178240971867,16.174628395839832,16.29650085944664,16.434807229392447,16.554175614054795,16.652127094819953,16.797947615981453,16.95836297832126,17.13922738218631,17.28935583326189,17.44163583103634,17.50186390176315,17.594246955394297,17.71248592377795,17.837870900556233,17.96942884208846,18.077480455456225,18.224462078372753,18.3631746574974,18.467441144318546,18.551068907151027,18.608161711161834,18.716285642586897,18.804283205927128,18.901722422615887,19.033999620684437,19.151409272250497,19.26141874303952,19.394546449119215,19.48337071083366,19.64395482779161
87,13.094155123262682,13.183669184873477,13.244622857594985,13.324404930485686,13.431084385795403,13.489396032114364,13.587971613568419,13.710408211985925,13.7767959610931,13.897802496610444,14.041223579363646,14.112473242758469,14.227880122900995,14.343264910912174,14.471611355493929,14.641744415691425,14.825518427204738,14.92576711234115,15.027990570411527,15.150067222634869,15.304071772688756,15.432824670001922,15.575138120916984,15.700294218582867,15.797905746634497,15.94834980915296,16.11437297378616,16.298533569139366,16.45294093871221,16.607006398466453,16.672479512572114,16.77030997345046,16.893094672173476,17.020280829976407,17.153981976549744,17.270063895750102,17.420036087577213,17.56211696587109,17.667182628843143,17.75396012431579,17.813227243262926,17.923781720942035,18.017519476795393,18.117580905490097,18.252490449266922,18.3712664305777,18.48241418819699,18.617949771906748,18.707105156919713,18.870415346989052
88,12.095154623429309,12.186080351898832,12.249713670422834,12.336699506233979,12.452775691600761,12.519876248376775,12.628188818119916,12.76110480911388,12.838392301354746,12.968095520160054,13.118327611329217,13.201125186020827,13.325387105944058,13.450174077007258,13.588289329702507,13.763363296116035,13.950871189033622,14.056907618874307,14.163658539974234,14.292751273662219,14.452045697058669,14.58546083033153,14.734519271816815,14.86207080863742,14.963025017116898,15.116903710968975,15.28859317190409,15.475332765443722,15.634050433028687,15.790416212551657,15.86175635054536,15.965593616125604,16.09029306616162,16.220340942330402,16.35475003491691,16.480653516341583,16.633815253037486,16.777151680217205,16.885135428450624,16.974260661028268,17.035000089600725,17.148017031933,17.24690084161921,17.34928884520038,17.484971195931077,17.608018968312223,17.718076128143935,17.857355723940977,17.946112041882024,18.11391335465086
89,11.096154123595934,11.189239277219402,11.258551705519316,11.35466184237191,11.482135105743806,11.561633921891298,11.680902635009808,11.826893118949098,11.91400238301117,12.0539537837931,12.21395875153178,12.308755944292262,12.44019605425917,12.576442306364255,12.724602068126543,12.90256519442856,13.095684615586448,13.206382399190208,13.318684129121184,13.455085291818571,13.620799427333312,13.757224643852703,13.911746361184658,14.043182907499315,14.148036129130139,14.30539897409406,14.483312795617476,14.672104947610837,14.834807612463598,14.993875370402806,15.069137147690181,15.180184751952856,15.306075714823885,15.438354714912055,15.576653934911691,15.708216085241881,15.865691708300355,16.010106923749127,16.121175042970293,16.211803921812187,16.274779765162315,16.38989592430901,16.491954147732088,16.59706178809019,16.734409976927,16.86029254807916,16.970686816987005,17.11196685359992,17.201081208393408,17.371606183522097
90,10.097153623762559,10.193677515760681,10.272796700129312,10.381388803298492,10.523422180117933,10.618733834664601,10.750388128539207,10.909152191980075,11.008899117238846,11.159172996198595,11.330171116434146,11.438102332500069,11.57745369673084,11.722533283775752,11.879681926763471,12.062295780256958,12.260233261009573,12.377392931069435,12.495817006925925,12.638931371919412,12.811935236462885,12.951003245510297,13.109073959150578,13.246076065101718,13.353411617107188,13.513358076439314,13.69725891866214,13.887129802969003,14.056450999117683,14.218212035817247,14.29734214593682,14.413710258137698,14.541762196506504,14.675465712416315,14.818533313638774,14.953751117269915,15.115908804220737,15.26167647123179,15.375019977405117,15.466999995954724,15.532149405253431,15.650269724387373,15.754200670701731,15.861528656087266,16.001297618478954,16.129102846404667,16.239778534570622,16.38267498686915,16.472930131679547,16.6450396931863
91,9.098247826024759,9.200774686485614,9.295131757523698,9.419931030715151,9.579757710450906,9.6945511427,9.841532284212688,10.01093236241829,10.125831780057233,10.286395995883014,10.46919237105046,10.591545065363375,10.739816688995079,10.891244964456074,11.056851771984366,11.244876732721615,11.447197023951555,11.571398048628977,11.69664474436826,11.846353725481224,12.025350206158585,12.168132975690384,12.328904808326186,12.47014752960331,12.582542832990931,12.744527501217835,12.931686225938744,13.121806746364365,13.298255857868103,13.462864612014354,13.546422196902911,13.66555277393529,13.798089966793222,13.933197995159174,14.080497809361617,14.219528276020426,14.385186306301158,14.53277970094191,14.647462192979788,14.740583697381359,14.809005806790587,14.928000830410298,15.034794010097796,15.144439180069499,15.285439728290337,15.415853710043864,15.527171165323002,15.6719106066898,15.762386274777612,15.93657583961522
92,8.099838182288604,8.213369556199078,8.330984534783516,8.475529057307174,8.655888214798686,8.792632094244386,8.957582438029013,9.13857907952611,9.267463245338057,9.44066635690588,9.63606986289973,9.772233822369557,9.926352264176383,10.084383483167022,10.258764910938675,10.450662989213662,10.657551500699883,10.789107280907496,10.92253363913448,11.0780964689801,11.262795025035526,11.40717182258174,11.570976778836688,11.715284292682934,11.831886773517661,11.998054819984057,12.186848699831536,12.379766224968286,12.559649671241793,12.730312591078086,12.818771397641806,12.939729287991629,13.074504702132803,13.211954506689919,13.363893876629197,13.50559998444074,13.674955709782674,13.823390527932926,13.939333604024087,14.033436987309445,14.105729579335598,14.224684061445865,14.33409132227445,14.44576509412105,14.586937020971327,14.71939985883489,14.833905610874925,14.979645683863115,15.06991849937008,15.24631333894518
93,7.10353648779078,7.237504136502887,7.3860516440681305,7.554021232504064,7.761151790263314,7.919259805536603,8.102773845984144,8.295744272227106,8.439611502554765,8.624401370826886,8.833874697885575,8.980572771137881,9.141211707000185,9.305950591886706,9.489310058311068,9.682698703641943,9.8946779134919,10.033235759738274,10.172442946378688,10.335962994145111,10.525319972819059,10.669442828518777,10.835330894749188,10.985472879875182,11.106569945190762,11.27298965727393,11.463931974220785,11.661056408811561,11.844722741169196,12.020686176640481,12.112783895595108,12.237828764532765,12.374070252616905,12.51247474097105,12.66710009498577,12.811416290210712,12.984020003186867,13.134594938346291,13.251970788719253,13.344775191939961,13.420732960418578,13.542083362214077,13.651354727871265,13.765199372861753,13.907568953559544,14.041056246384972,14.159897556456526,14.306117060540895,14.397786067551014,14.57413959282963
94,6.113914617792787,6.280493379408383,6.469724509237557,6.665688881262952,6.900246759964963,7.078674226297483,7.280006434515571,7.485862030993577,7.645075744717406,7.841365563637796,8.065649609683234,8.218279055035268,8.388710063333885,8.5586723839087,8.7476558328777,8.94578939876457,9.161550357829594,9.306149117847207,9.449818330532537,9.621065960629414,9.812816230463012,9.959691381063418,10.125236418219787,10.28075299069846,10.405255655315536,10.573247272152532,10.765461542551114,10.967722990411907,11.153595067339745,11.334221739118483,11.430391152792481,11.559147294212503,11.696028384185777,11.834932992697127,11.990162304303663,12.136456052744084,12.313459596503003,12.464624321123724,12.584384276493404,12.677087592891002,12.755471662946865,12.879837660375879,12.988770046414064,13.10567833252699,13.246495007428441,13.382467044746434,13.503289429344001,13.651518951338879,13.743620592026916,13.921180411159616
95,5.138736995709828,5.351743774385193,5.591435498174492,5.8179302311791945,6.079699284335169,6.275087248345926,6.494161803338898,6.7134350943778704,6.888200722253311,7.095837652698529,7.333261324875021,7.4906244512798565,7.669393373953739,7.844582110393647,8.036563848744079,8.240935289414203,8.461465625990115,8.608926579713268,8.75748981251578,8.933485172286636,9.128390671190928,9.27795274431182,9.444157150428875,9.602328782734173,9.73025058647215,9.899341529153743,10.093231926401764,10.297526270274208,10.488514007954219,10.673645182104984,10.77327016132077,10.904558167815859,11.040264069635718,11.179103606041311,11.334066272145177,11.483226721903657,11.66210130743888,11.815964093005828,11.939259132352863,12.03016231071129,12.110743546451914,12.236582347352938,12.346579241130806,12.466297191485273,12.605423984667935,12.742161806806134,12.865737731732214,13.013855810710528,13.10828101481735,13.286931617264418
96,4.193105834144544,4.469045632793061,4.761313506376442,5.017515717164502,5.3051969473853084,5.516305503358616,5.7522819714468865,5.983827045814858,6.169377391816438,6.389331962112784,6.635736376182646,6.798562112257746,6.9829254209385185,7.168479725879733,7.358902485376945,7.5682016167459745,7.793980119313549,7.942559676113963,8.094046949712977,8.273440102872545,8.472313759938277,8.62366359806275,8.790279926268822,8.951289928178326,9.083451365264732,9.251268879239834,9.447807286695078,9.65159764044272,9.848367080270139,10.035687046571738,10.14015987801021,10.273006279440352,10.408705553991862,10.546723341598206,10.69991907178868,10.8520309654879,11.029742825196044,11.188024323710101,11.312673441094036,11.404065079036206,11.485474909111083,11.614097031278735,11.72575157466404,11.84758122781945,11.983289673363432,12.121632974842925,12.247824497077099,12.395900149573201,12.49138358026791,12.671282918839937
97,3.2966611765458307,3.6459389010610264,3.990025396122392,4.269162312405642,4.582728599655822,4.810599533493241,5.057151067118804,5.299220199217047,5.494771215649908,5.723050643592422,5.973746325607586,6.145108371922368,6.333632342899362,6.5259007837941505,6.71714423167416,6.928990423698572,7.157638861853711,7.307018930957958,7.461727069632845,7.644786326417982,7.845500455673941,7.996346148380172,8.163720802211845,8.328370005823478,8.464480738130812,8.630751635957903,8.82557961683677,9.030025890557262,9.232972465296552,9.421923207101297,9.52861317595496,9.663797867076463,9.801060402638845,9.936283089457675,10.088090577154405,10.24366027064905,10.418389505423738,10.580211101536731,10.704539984963814,10.798988794616443,10.880731136837946,11.013107529377386,11.124945141144577,11.247424112843145,11.381686799413426,11.519358745877293,11.650089118763965,11.797296231858471,11.895124778406812,12.074913235854547
98,2.480161469000716,2.9037224563673516,3.2851874568978934,3.585179641664989,3.9141174853745024,4.15627272557356,4.410848873538615,4.65942543100742,4.863254902044164,5.097205418107859,5.349813751047153,5.531083420978138,5.720504061286285,5.919055825583289,6.111370351472775,6.326101861523567,6.554363029521091,6.702984218614903,6.861335431635361,7.045756111407713,7.247327651777174,7.398256287114179,7.566311479734173,7.7343083900225835,7.871715983789279,8.03643415100236,8.23026692523495,8.43295640829768,8.64355869682856,8.833866765679886,8.94035480362996,9.078099194982656,9.215896133582016,9.349901537864966,9.500904555659242,9.657740233242995,9.83000333738972,9.993406422884735,10.11980025275801,10.214431323899817,10.297402102489423,10.433563719942883,10.543808454150424,10.667751361019004,10.801552334231566,10.937624224987152,11.071519383361741,11.217652088465073,11.318779011797217,11.499954777005758
99,1.768727529418353,2.2508401369200697,2.6543321861628417,2.967818741671839,3.3050561150241924,3.556068094970584,3.81859923316544,4.0678751239387365,4.276509239225216,4.515258913972012,4.767446280009875,4.9547482777801966,5.145350610221309,5.347613331803532,5.540810691091522,5.758361105154769,5.984314919303344,6.132839859946583,6.292844900552885,6.478043770261815,6.6783466448288396,6.831177584221158,6.996571083964942,7.16706420407088,7.303405299437417,7.468552253596982,7.661738612304945,7.8630925968629075,8.077641613240461,8.269882890984606,8.375918916852271,8.51505031109136,8.652913566179597,8.787392821734969,8.935818324309034,9.09432346309549,9.264907085193276,9.42798543485587,9.555434073604983,9.652645658976953,9.73693291004055,9.872933452833454,9.980972125378097,10.108346298231673,10.24142918679503,10.377142600395569,10.511963396764994,10.658617520820142,10.762311164307294,10.94294303110125
100,1.1844088475516052,1.692584021344247,2.100228630544087,2.4195369097081816,2.757173468387692,3.0121229769682833,3.279303986613069,3.528546909848425,3.7369027907786028,3.9756739119720925,4.226067158850452,4.419036694973328,4.610244435210034,4.812696147213467,5.0076473648698,5.223973586993833,5.447174410051588,5.59578247426841,5.756413645278311,5.942019959595802,6.140931984256191,6.294737872927758,6.455928528574959,6.626641819060361,6.760534309369556,6.928533649950619,7.120664686402482,7.322407959130291,7.536115283887021,7.729508204637859,7.83788631514343,7.97471247672103,8.11302146171356,8.247781366364228,8.392380146100894,8.552825857213188,8.720212905035769,8.88324646332726,9.011641082180317,9.111961885947144,9.19689591216961,9.330708691287462,9.440846750779606,9.570155594092338,9.701431491551986,9.837569190626493,9.973090129243156,10.119495996768038,10.224104778794969,10.403344355469656
101,0.7408846426816093,1.2329569087158285,1.627231472919037,1.9401787879698225,2.2717713449003547,2.525386683864307,2.790368063339661,3.037311053124213,3.244985972993819,3.4801862916011,3.7265386337105646,3.923359646308727,4.113486190989201,4.316638193917285,4.509768525691399,4.724626077379922,4.941914494137663,5.09297573516447,5.2533692142176145,5.433277717253541,5.63353409808331,5.785908139433144,5.9449264816200165,6.113590075683966,6.246422196072633,6.41825178590769,6.606735760714378,6.809190953370993,7.02071414066595,7.211210790257971,7.32487898453684,7.458418787240871,7.597321671842016,7.728977093146062,7.872729285334942,8.035036942431674,8.19621761352094,8.360876143024491,8.489430205283615,8.594809878293644,8.677026246626607,8.810209357149251,8.923580917333812,9.05164061519376,9.179908899262022,9.319924099341925,9.454875615552083,9.601392503676811,9.705583675803423,9.882904569228145
102,0.43201525449221373,0.8635960221044303,1.231883384492618,1.5312506676765152,1.8461057334076318,2.0975896333325115,2.35414944547485,2.5961452771566194,2.8014156509163266,3.03174504287902,3.26960279543643,3.467242849139197,3.653976585467443,3.8576766895758583,4.047669229478866,4.2609113323259935,4.471530681015018,4.622880312084035,4.780562187564538,4.9540231929701894,5.15386567761434,5.306761991196322,5.46228931973647,5.629085715214746,5.763908878354963,5.935312528546382,6.1201261207961215,6.321158164960548,6.530836909233262,6.716754339047032,6.832184375756388,6.965427266442906,7.104109679470653,7.233393082568569,7.376278036827985,7.538144816459761,7.694586126132166,7.861959243357217,7.990916587498091,8.097990145947172,8.177443800808126,8.310503744883684,8.427564362489111,8.553940969090839,8.679196863088638,8.822499805047615,8.95667468051789,9.101517613158183,9.205332993994409,9.38035873360635
103,0.2307210784956271,0.5802515914789264,0.9087461780585491,1.1878882679507365,1.4772701994579411,1.722286565873565,1.9676798270436988,2.199607168697134,2.404656686389282,2.626699596630008,2.8530084127572213,3.047765703733954,3.2313875799843585,3.433539334956987,3.6205687175820316,3.8321586505415306,4.034309606581023,4.184252863619107,4.337790593078495,4.506608374844033,4.701575672165373,4.8541514432924044,5.007041297112662,5.1739915241273975,5.310440058723363,5.479462484318158,5.660896238746514,5.858108863802718,6.063950882462389,6.2479130255566,6.362363647655454,6.494920211748339,6.635483530954877,6.76063699484872,6.90275247051754,7.064337652606074,7.215360228341846,7.383068948517306,7.513648950183544,7.620763858941495,7.697579918222784,7.831116569166889,7.951883929308496,8.077464620351027,8.199738087714021,8.343723109141665,8.47851452982026,8.619679761870863,8.723845753990027,8.896512831282577
104,0.11356511966376832,0.37466908810813354,0.651825092691733,0.9039174282988068,1.1666681140218123,1.3985883920674262,1.6280430592022377,1.84768958517862,2.0520678927912375,2.2620721223445313,2.4787934826093054,2.6625646387589716,2.84420833002984,3.043280108867809,3.227058789814269,3.4358685655722616,3.630609663067811,3.7770195743854216,3.923709655994943,4.089020618456223,4.277705331219813,4.430182492787678,4.58029997077375,4.745330367952805,4.88476885706777,5.050886491248496,5.228047169810435,5.4188670602278535,5.620116669130116,5.802437794946009,5.916220444289836,6.047703538977966,6.187816972550295,6.310396934901334,6.452451846200679,6.612022781438147,6.760055964403951,6.926936834321362,7.057284344168345,7.161688239214787,7.239084666997326,7.37264523093791,7.496408300185613,7.6205208150399715,7.741354047234349,7.882812099680263,8.019046616249934,8.156868630687242,8.260457784024096,8.430736586503063
105,0.050741585733834436,0.232297524316431,0.45465413165387203,0.6737813420151436,0.9075288121866889,1.1214837624474545,1.3345543573040748,1.5381751120585188,1.7391225542509563,1.9357225648343768,2.141051973591173,2.314456948627523,2.4938240830699843,2.685263412751956,2.8659298664619968,3.069558271603258,3.257040112455298,3.3975506253105516,3.537384726513614,3.7016895166904527,3.881782009507509,4.034036104318579,4.180740777708615,4.3419172162567925,4.4832991647142695,4.6466990921886975,4.818503202903775,5.002914391007465,5.1998379777670225,5.379853086350814,5.493413612132433,5.6235918681340475,5.762829688343787,5.8840087291236465,6.0232171363464975,6.181793565087348,6.325020748413915,6.491012019904454,6.621662642144204,6.723750177995854,6.802670378463097,6.93424642451772,7.059732666857091,7.182514357562355,7.302057746516067,7.440806023651909,7.576361558923635,7.713452174613581,7.816380078059207,7.983095341244471
106,0.0194837932821156,0.1382382668204248,0.3094597954303102,0.4933839245778999,0.695496793287724,0.8911313058424479,1.0844732047811685,1.2708576985206272,1.4639464628282866,1.6469154069831131,1.8386085805874757,2.004135215323339,2.1767314308521137,2.3594335197292526,2.533778422902189,2.7325637927983215,2.9125976187203007,3.048750439197045,3.179250454172002,3.342219628709705,3.5140930243705877,3.66567805824006,3.8059838991501374,3.9667207966142075,4.107130141913328,4.266611771005091,4.432961791412656,4.6115933913504765,4.8024500064642766,4.979792621710858,5.091758809505249,5.219662512149211,5.358558711986956,5.479334409626918,5.614004593750058,5.771870462392517,5.911525775330998,6.075611329260751,6.205401499920971,6.306536212704548,6.387979833045113,6.5168722868758255,6.641721463046944,6.763898260064229,6.882107847169026,7.018157232481815,7.15148481647246,7.288880700753777,7.391527781856208,7.553928490855252
107,0.0070496744640439445,0.07723927250209754,0.20466404470633537,0.35476542460286115,0.5267093207441375,0.7008176927195844,0.8723054477153762,1.0431955616869772,1.2232129962491256,1.392348642217995,1.5721802699614635,1.728452559134638,1.8909739419398741,2.0657101255254493,2.229932057239646,2.4241040349934426,2.595145707914961,2.7293649607527506,2.850600414373427,3.008569898649002,3.173562464906932,3.3233692056124893,3.4567856682465403,3.6165503478838086,3.7548889351874304,3.908559411523978,4.072278050261023,4.24162357272816,4.427507857369688,4.601756715159243,4.711482888114243,4.8377741918518895,4.9756817342655415,5.094213311609084,5.22604723547509,5.382238465532025,5.520426577493617,5.680458503511897,5.809194051118,5.90839584536966,5.993247204733249,6.120531624204962,6.243924384593155,6.363491884453517,6.480397113537644,6.613277965385749,6.7425283894927235,6.880924148859429,6.984643369806476,7.142107441241546
108,0.002503289426472159,0.04162384828340798,0.13310472932420517,0.2520998299834794,0.3936238415602095,0.5461626862575653,0.6952003860687345,0.8507216369982281,1.0142540983545807,1.170689123495225,1.3365978140723025,1.4828704748081,1.6348426935292484,1.8006883254238557,1.954684595906407,2.14198668481016,2.306157485966984,2.436011938743317,2.550083486728053,2.6995700208149045,2.858624076861521,3.005647750363358,3.1334239458693025,3.2894438615946138,3.426812301715823,3.572270551342182,3.7337025826334513,3.89560415613895,4.076285135098882,4.245746036958608,4.354049166557615,4.476533317557603,4.6126965222792355,4.729296736444767,4.859347698253055,5.012370194534436,5.150022065509695,5.305664943472021,5.431870645843295,5.529293394904498,5.6176215335938116,5.744584808252791,5.866099568569549,5.982567717185159,6.095853847306758,6.22613842647051,6.35157422526788,6.491082913592784,6.595122419804822,6.748548116134864
109,0.0007019791185636204,0.022407354432050268,0.08437266247205243,0.17415781097704922,0.2901837402219943,0.42259181665463147,0.5504766365874684,0.6871598384557432,0.8346423277594627,0.9779826195659882,1.1311179529998876,1.2643617465199821,1.4067960943138924,1.5633904166247834,1.7095778993615054,1.8872592131317656,2.0428330311170453,2.1675133577103636,2.275326555317932,2.416920963895818,2.569611539914012,2.7127240265366916,2.834831577348027,2.9875188853481363,3.120401095340202,3.2587653971469566,3.4175910532913156,3.572117191565945,3.746451861606329,3.9096639298758324,4.018228500882972,4.1365818238905145,4.269643576159597,4.384730933549023,4.512190080817442,4.662239182485472,4.799110239297048,4.951394229682104,5.073699424184039,5.16981945574544,5.259742022039791,5.38676385230477,5.505619380689129,5.618602226973933,5.731144125920028,5.855810777211638,5.979451735587268,6.11785627459427,6.221580316084364,6.372773812961637
110,0.00010282266534353596,0.011960368276554407,0.051765378254332306,0.11655348092179606,0.2104550263173772,0.32329231149122384,0.43230502757129086,0.5493334484059736,0.6799127578762098,0.8131007808097654,0.9506716267171998,1.0716421452361964,1.2052176393710297,1.3534897756037234,1.4904625337167465,1.6566324076123429,1.8047198788083156,1.9237585174408969,2.0244986850296844,2.1580478469258955,2.304846868740766,2.440796353679458,2.5586575287872906,2.708168145835807,2.8385258919757907,2.966618630107201,3.1214603087628023,3.269167162314316,3.4383004518290554,3.592798061469885,3.7015540540821084,3.8174717021382927,3.945093760440028,4.061302373858503,4.185384701683577,4.33160045393462,4.466194644470179,4.615705931115907,4.734503653031019,4.829379782150769,4.919803842967974,5.04622623642202,5.1615709666778375,5.2714614031512435,5.384399275664056,5.504093516697731,5.62466935546489,5.761826924813921,5.864792646561602,6.013763763259617
111,0.0,0.0060563699807381225,0.030614485823818156,0.07672815371424781,0.150297455254862,0.24513448499880722,0.3360724844924202,0.43713854512175976,0.5502850731195696,0.6731827947498767,0.7966022254248731,0.90507008239854,1.0278355701434243,1.1680454467829604,1.2949027993906526,1.4492367193333278,1.5906425125593162,1.701549632808651,1.7990534187341187,1.9209144263452582,2.0624931470546257,2.1909174905628515,2.305152751147074,2.449022999078344,2.575890535698029,2.6956008681794943,2.8453314454434375,2.9863799399418047,3.1507918620325825,3.2963526050230363,3.4048161865277313,3.5174277621623378,3.642697218739656,3.759019705725338,3.879324414776227,4.020027249012244,4.1524175865804915,4.298610832386448,4.4135856002693075,4.507249627099514,4.598143143625459,4.722626668321759,4.832775970544957,4.939816550314863,5.053536237112513,5.169699719221519,5.287428465909115,5.423167095200424,5.525271806859004,5.670365412817334
112,0.0,0.0033484357993806184,0.0172944733266348,0.04928443308430911,0.10599047894705516,0.18282706388633901,0.25879175261691795,0.34698670435454404,0.44244518389637066,0.5552750301207617,0.6643957461421764,0.7619023590188281,0.8725427922444422,1.0035242932174508,1.120909572770869,1.2636992473793203,1.3973206487484213,1.4999120623875237,1.595311121871286,1.7046494622667645,1.841949855552566,1.9613121224629226,2.0715040410878607,2.2108445998272352,2.3329640478840648,2.4454748318277546,2.5897285220218498,2.724631907617181,2.881898999231997,3.02151003717558,3.1284082240980715,3.237243641909417,3.360637192898733,3.4755442787791972,3.5912936207321824,3.7261737290453576,3.8571109893457733,3.9981734900473054,4.109542293773173,4.203804431118651,4.293100755869285,4.4145106391659334,4.520800712041537,4.624499118152031,4.738584056370304,4.850321456144882,4.965990020355529,5.099884896753338,5.202709023253492,5.343566950792109
113,0.0,0.0017264371793987614,0.00914477576543085,0.03097647449392654,0.07341928452237391,0.13441769672645612,0.19761126625395695,0.274329307341388,0.35422962792872925,0.4548720282647891,0.5505698960957534,0.6392475379385086,0.736951359772575,0.8595060018809709,0.967736016194615,1.0996124595167471,1.2236270175684751,1.3167069485943874,1.4086897991202407,1.5094186267024385,1.6389574386260508,1.7532837484774602,1.8564769726863557,1.9926368410847244,2.1097126422505834,2.214947672019591,2.351232051836892,2.4826992927444658,2.6320748197415265,2.7660985191634744,2.8708048417121077,2.974943111966906,3.0963666491761033,3.2090978415083655,3.3208316539801146,3.449998356525145,3.5788864762172827,3.7144577785424198,3.8216925591422433,3.916081211670452,4.002406821146618,4.122708316459736,4.2266941476543,4.326142868603095,4.438850433191944,4.547176276744224,4.66065919510746,4.791348711141678,4.895786927644152,5.0321176004164005
114,0.0,0.0010005872870464956,0.004673168954002322,0.018483700746066787,0.04995536638445299,0.09809172032594127,0.15054795131149612,0.2160626934517674,0.281735967168224,0.37065341275069974,0.45352786084414864,0.5350964101292057,0.6204030430150274,0.734010537502651,0.8331782158330199,0.9529053779716677,1.0666565789010876,1.1524522832807313,1.2391999461091165,1.3338267988987362,1.4540898501626176,1.5651493537118564,1.6599177266950458,1.791762917862825,1.9031528951733796,2.00350780049973,2.1315184261349205,2.2593154898343064,2.402165897027669,2.5288939527976297,2.6308810474958584,2.7313156997290196,2.8508838367374563,2.959653372820492,3.067838016030202,3.191275367265636,3.318141530447137,3.4465966659653753,3.549905871321311,3.6444838774891823,3.726742946163026,3.8468987996249164,3.9485014776969956,4.045782555834325,4.155338442492958,4.259524141067857,4.369591721499021,4.499291438486552,4.605066014808543,4.736470135823238
115,0.0,0.000541623236425296,0.002281766208259216,0.010440628341715897,0.03338078815516257,0.07061254347901089,0.11399703712431504,0.16907141755462354,0.22328158313100183,0.3010672155484291,0.37291052237726985,0.4455629542162012,0.5202980444067224,0.6256252192594114,0.7161960351411562,0.8227506712502314,0.9261108105820485,1.0049767541281591,1.0867969041110541,1.1760326074272336,1.2862924972695526,1.3939699487044588,1.481810995982681,1.6075723511612838,1.7127324823446368,1.8102259113653,1.9301731850501196,2.052239227427681,2.1919444982768237,2.309076128124872,2.407158966612967,2.504212996093323,2.6217970959334935,2.7249005845166563,2.8313515042190405,2.9499752051592725,3.0713079495073243,3.1937937573652317,3.2943099908077054,3.3878674841635514,3.4675918952125153,3.5872044891093813,3.684540799911725,3.781897804610482,3.8867483911593284,3.9883542640246383,4.093729512411145,4.222324130560436,4.328381148117867,4.454783476034732
116,0.0,0.00015924506743956806,0.001013450005159215,0.00562349383446582,0.022451261131502778,0.05140999233248123,0.08710237912154334,0.13170641289821822,0.17741468772983263,0.24423650014662945,0.30546290338139603,0.3677224787285436,0.4350892335285845,0.5320880618302096,0.6138283944037731,0.7103876751712864,0.8010773683561173,0.872441221565049,0.9513120441933268,1.0345581839864277,1.1358474855964915,1.2383962538949245,1.3197502355643411,1.4392671238748516,1.537702954888523,1.633955271194991,1.745741680327168,1.861077182553812,1.9979946515888527,2.1065553987863925,2.2008030028946646,2.294380696649596,2.4074159770610515,2.5054234796068413,2.6105681376935896,2.7233119614197188,2.8385174347220157,2.957741954481995,3.054327136576494,3.1460280627410437,3.2248690701740204,3.341948633885288,3.4341836801919086,3.5326681466752308,3.6334210632560677,3.7314004706015957,3.8334868064380947,3.961840725140429,4.065240536533597,4.188599267963304
117,0.0,4.791010398043392e-05,0.00048817110362894584,0.0032229786178223827,0.015593286923678723,0.0376496305391944,0.06691061812474652,0.10188073890762323,0.1404227125207106,0.19809521798056914,0.24926767726881505,0.30175333613653527,0.36327793810799475,0.45104793395995757,0.523184805895642,0.6117305167886953,0.6908314771229883,0.7550094805320905,0.8296125489739936,0.9079767975660421,1.0013584581599166,1.0983839782053408,1.1741727943921774,1.28712749202758,1.3773419533158135,1.4726640050342508,1.5774189941228622,1.6853594899251818,1.8183703395405486,1.9193157908122682,2.0094198740551494,2.0999503739624212,2.2082043662611297,2.2998474924078147,2.403202962550429,2.5115043456896,2.621198661756221,2.7373179522753297,2.829731480338955,2.9199085641955165,2.996685636632183,3.1109804866859063,3.1984696774234513,3.2977917690249283,3.395204376272657,3.4885891164881824,3.5873536145686375,3.7154218216662236,3.816499085812919,3.9373443737634477
118,0.0,0.0,0.0001946837404128836,0.0021934048446840882,0.010785028699248038,0.027759526007673823,0.05071450494518451,0.07839652332881294,0.11082979035461325,0.16013623175537628,0.20294975895538603,0.24721105775566954,0.30228901721293816,0.3810969231693857,0.4451581069423453,0.5242202719284134,0.5945885846215333,0.6517966222619157,0.7222815721641298,0.7943955563590804,0.8817191244405552,0.9730478248502679,1.043812866774575,1.1484652100663595,1.2326103014429628,1.3247614811481876,1.4239150607016589,1.5248774292777196,1.6523602355207885,1.7461925015416253,1.8326452392018042,1.9198806976341924,2.022036743561175,2.106031258913984,2.2083251193374833,2.3135561674505407,2.417432785428919,2.5310225265642647,2.618766297116398,2.7083311351076613,2.7816592930637696,2.8934613024565277,2.9786833821294407,3.0759953564278866,3.170493537211164,3.2590800015367383,3.354104585976542,3.481751907664847,3.580484731373207,3.69823689067403
119,0.0,0.0,9.498329086254632e-05,0.0013265415243223846,0.007277805412059148,0.020103827582865188,0.03879315142340683,0.06034554560394225,0.0873124529026,0.12928019232951835,0.16468859748473494,0.20172037066833565,0.25038929383524094,0.3199773319606322,0.3782281842951654,0.4483764616715928,0.5098225157906824,0.5606600893553348,0.6285347469346352,0.6934282058546772,0.7741022524970769,0.860529284742418,0.9268116930742096,1.022914561472221,1.1019891247941858,1.1896778259064078,1.2834595167476952,1.3779052176762179,1.5006159462823974,1.587152794090517,1.6708204090183914,1.7524303521041462,1.8497243539104276,1.9260759055173449,2.026936462107422,2.129425237773926,2.2272511667543387,2.336954527172614,2.421079390083615,2.5106529458043796,2.5814280496349373,2.688285304133667,2.773295411366796,2.8669560644913052,2.9583588226849438,3.0433933158514406,3.134976902316477,3.259938882920741,3.357237085577403,3.471932052557736
